{
	"format_version": "1.8.0",
	"animations": {
		"animation.sea_chicken.baby_transform": {
			"loop": true,
			"bones": {
				"head": {
					"scale": 2
				}
			}
		},
		"animation.sea_chicken.general": {
			"loop": true,
			"bones": {
				"wing0": {
					"rotation": [0, 0, "variable.wing_flap - this"]
				},
				"wing1": {
					"rotation": [0, 0, "-variable.wing_flap - this"]
				}
			}
		},
		"animation.sea_chicken.move": {
			"loop": true,
			"animation_length": 0.95833,
			"anim_time_update": "query.modified_distance_moved",
			"bones": {
				"head": {
					"rotation": {
						"0.1667": [-22.5, 0, 0],
						"0.4583": [15, 0, 0],
						"0.6667": [-22.5, 0, 0]
					}
				},
				"wing0": {
					"rotation": {
						"0.0833": [0, 12.5, 0],
						"0.1667": [2.46012, 12.02771, 11.78755],
						"0.25": [0, 27.5, 0],
						"0.2917": [14.72486, 5.28557, 70.68343],
						"0.4167": [0, -20, 0],
						"0.5": [-26.69458, -6.86379, 76.63035],
						"0.5833": [0, -35, 0]
					},
					"position": [-1, 0, 0]
				},
				"wing1": {
					"rotation": {
						"0.0833": [0, 12.5, 0],
						"0.1667": [-8.74472, 18.05776, -26.39218],
						"0.25": [0, 27.5, 0],
						"0.2917": [-14.27276, 6.88312, -71.64834],
						"0.3333": [-4.53359, -2.11089, -114.91643],
						"0.4167": [0, -17.5, 0],
						"0.5833": [0, -30, 0]
					},
					"position": {
						"0.0833": [1, 0, 0],
						"0.25": [2, 0, 0],
						"0.4167": [0, 0, 0]
					}
				},
				"body1": {
					"rotation": {
						"0.0833": [0, 15, 0],
						"0.25": [0, 27.5, 0],
						"0.4167": [0, -17.5, 0],
						"0.5833": [0, -32.5, 0]
					}
				},
				"body2": {
					"rotation": {
						"0.0833": [0, 15, 0],
						"0.25": [0, 27.5, 0],
						"0.4167": [0, -22.5, 0],
						"0.5833": [0, -40, 0],
						"0.75": [0, -22.5, 0],
						"0.9167": [0, -22.5, 0]
					}
				},
				"body3": {
					"rotation": {
						"0.0833": [0, 22.5, 0],
						"0.25": [0, 37.5, 0],
						"0.4167": [0, -25, 0],
						"0.5833": [0, -47.5, 0]
					}
				},
				"body4": {
					"rotation": {
						"0.25": [0, 40, 0],
						"0.4167": [0, -25, 0],
						"0.5833": [0, -55, 0]
					}
				}
			}
		}
	}
}