{
  "format_version": "1.21.40",
  "minecraft:color_grading_settings": {
    "description": { "identifier": "minecraft:default_color_grading" },
    "color_grading": {
      "midtones": {
        "contrast": [1.2999999523162842, 1.2999999523162842, 1.2999999523162842],
        "gain": [1.0, 1.0, 1.0],
        "gamma": [2.200000047683716, 2.200000047683716, 2.200000047683716],
        "offset": [0.0, 0.0, 0.0],
        "saturation": [1.0499999523162842, 1.0499999523162842, 1.0499999523162842]
      },
      "highlights": {
        "enabled": false,
        "highlightsMin": 1.0,
        "contrast": [1.2999999523162842, 1.2999999523162842, 1.2999999523162842],
        "gain": [1.0, 1.0, 1.0],
        "gamma": [2.200000047683716, 2.200000047683716, 2.200000047683716],
        "offset": [0.0, 0.0, 0.0],
        "saturation": [1.0499999523162842, 1.0499999523162842, 1.0499999523162842]
      },
      "shadows": {
        "enabled": false,
        "shadowsMax": 1.0,
        "contrast": [1.2999999523162842, 1.2999999523162842, 1.2999999523162842],
        "gain": [1.0, 1.0, 1.0],
        "gamma": [2.200000047683716, 2.200000047683716, 2.200000047683716],
        "offset": [0.0, 0.0, 0.0],
        "saturation": [1.0499999523162842, 1.0499999523162842, 1.0499999523162842]
      }
    },
    "tone_mapping": { "operator": "generic" }
  }
}
