{
  "format_version": "1.21.80",
  "minecraft:lighting_settings": {
    "description": {
      "identifier": "minecraft:default_lighting"
    },
    "directional_lights": {
      "orbital": {
        "sun": {
          "illuminance": {
            "0.000000": 100.0,
            "0.050000": 100.0,
            "1.000000": 100.0,
            "0.313846": 0.0,
            "0.684230": 0.0,
            "0.950000": 100.0
          },
          "color": {
            "0.717949": [255, 133, 133],
            "0.242908": [255, 127, 0],
            "0.140811": [255, 173, 81],
            "0.216944": [255, 155, 82],
            "0.314561": [255, 154, 154],
            "0.269504": [255, 127, 0],
            "0.506998": [255, 105, 0],
            "0.801062": [255, 173, 81],
            "1.000000": [255, 190, 120]
          }
        },
        "moon": {
          "illuminance": {
            "0.750000": 0.0,
            "0.000000": 0.0,
            "0.200000": 0.0,
            "1.000000": 0.0,
            "0.225000": 0.4,
            "0.735000": 0.4
          },
          "color": {
            "0.000000": [163, 182, 255],
            "1.000000": [163, 182, 255]
          }
        },
        "orbital_offset_degrees": 0.0
      },
      "flash": {
        "illuminance": 10.0,
        "color": [228, 93, 255]
      }
    },
    "emissive": {
      "desaturation": 0.0
    },
    "ambient": {
      "color": "#FFFFFF",
      "illuminance": 0.02
    },
    "sky": {
      "intensity": 1.0
    }
  }
}
